"","dist","sex","id","road_residence_count","powerline_residence_count","move"
"1",79.1303355231233,"male","01",0,0,1
"3",53.183644102299,"male","01",0,0,1
"4",0,"male","01",0,0,0
"5",99.0580637807947,"male","01",0,0,1
"6",2.23606797749979,"male","01",0,0,1
"7",30.4138126514911,"male","01",0,0,1
"8",1.4142135623731,"male","01",0,0,1
"11",11.7046999107196,"male","01",0,0,1
"12",11.7046999107196,"male","01",1,0,1
"13",8.06225774829855,"male","01",0,0,1
"14",13.4164078649987,"male","01",0,0,1
"15",6,"male","01",0,0,1
"16",5.09901951359278,"male","01",1,0,1
"17",1.4142135623731,"male","01",0,0,1
"21",0,"male","01",0,0,0
"23",13.4164078649987,"male","01",0,0,1
"26",0,"male","01",0,0,0
"29",25.7390753524675,"male","01",0,0,1
"33",69.1176533166455,"male","01",0,0,1
"36",40.0312378024962,"male","01",0,0,1
"39",81.9054332752108,"male","01",0,0,1
"52",0,"male","01",0,0,0
"57",0,"male","01",0,0,0
"60",0,"male","01",0,0,0
"64",30.8172029880282,"male","01",0,0,1
"70",0,"male","01",1,0,0
"386",7.81024967590665,"male","02",0,0,1
"513",7,"male","02",1,0,1
"316",16.9779268463496,"male","02",0,0,1
"401",7.5,"male","02",1,0,1
"405",0,"male","02",1,0,0
"311",9.21954445729289,"male","02",1,0,1
"367",181.176709319934,"male","02",0,0,1
"373",55.7314991723711,"male","02",0,0,1
"304",0,"male","02",0,0,0
"336",0,"male","02",0,0,0
"422",0,"male","02",0,0,0
"423",20.5060966544099,"male","02",0,0,1
"425",129.46234973922,"male","02",0,0,1
"313",0,"male","02",0,0,0
"349",0,"male","02",0,0,0
"509",0,"male","02",0,0,0
"353",0,"male","02",0,0,0
"299",14.5344418537486,"male","02",0,0,1
"408",0,"male","02",0,0,0
"536",17.6567267638417,"female","03",0,0,1
"544",0,"female","03",1,0,0
"591",0,"female","03",1,0,0
"538",0,"female","03",1,0,0
"534",0,"female","03",1,0,0
"586",0,"female","03",1,0,0
"590",0,"female","03",1,0,0
"549",0,"female","03",1,0,0
"594",0,"female","03",1,0,0
"612",0,"female","03",1,0,0
"600",65.9474032843769,"female","03",1,0,1
"601",44.5926002830066,"female","03",0,0,1
"564",27.170756338387,"female","03",1,0,1
"593",0,"female","03",1,0,0
"608",0,"female","03",1,0,0
"625",0,"female","03",1,0,0
"537",0,"female","03",1,0,0
"552",11.0453610171873,"female","03",1,0,1
"629",11.0453610171873,"female","03",1,0,1
"94",0,"male","01",0,0,0
"97",0,"male","01",0,0,0
"106",13.2003787824441,"male","01",0,0,1
"109",44.0113621693308,"male","01",0,0,1
"115",0,"male","01",0,0,0
"118",0,"male","01",0,0,0
"120",0,"male","01",0,0,0
"124",0,"male","01",0,0,0
"127",0,"male","01",0,0,0
"130",0,"male","01",0,0,0
"136",11,"male","01",0,0,1
"140",41.0487515035476,"male","01",0,0,1
"141",0,"male","01",0,0,0
"144",0,"male","01",0,0,0
"147",0,"male","01",0,0,0
"150",7.43303437365925,"male","01",0,0,1
"114",48.0234317807464,"male","01",0,0,1
"157",138.852439661678,"male","01",0,0,1
"89",4.42831796525674,"male","01",0,0,1
"38",0,"male","01",1,0,0
"40",10.647065322994,"male","01",1,0,1
"164",100.086212836734,"male","01",1,0,1
"166",6.36396103067893,"male","01",0,0,1
"92",103.059448863265,"male","01",0,0,1
"51",0,"male","01",0,0,0
"56",0,"male","01",0,0,0
"59",0,"male","01",0,0,0
"190",4.60977222864644,"male","01",0,0,1
"186",4.60977222864644,"male","01",0,0,1
"230",0,"male","01",0,0,0
"181",4.60977222864644,"male","01",0,0,1
"65",1.5,"male","01",0,0,1
"66",7.15891053163818,"male","01",0,0,1
"192",0,"male","01",0,0,0
"153",2.23606797749979,"male","01",0,0,1
"198",7.56637297521078,"male","01",0,0,1
"80",0,"male","01",0,0,0
"202",1,"male","01",0,0,1
"86",158.802550357354,"male","01",0,0,1
"193",25.6758641529355,"male","01",1,0,1
"195",8.90224690738243,"male","01",1,0,1
"238",42.4381903478459,"male","01",0,0,1
"228",0,"male","01",1,0,0
"243",0,"male","01",1,0,0
"206",0,"male","01",1,0,0
"131",0,"male","01",1,0,0
"217",0,"male","01",1,0,0
"32",17.007351351695,"male","01",1,0,1
"156",2.23606797749979,"male","01",1,0,1
"159",47.8016736108685,"male","01",1,0,1
"41",5.8309518948453,"male","01",1,0,1
"272",0,"male","01",0,0,0
"283",0,"male","01",0,0,0
"167",0,"male","01",0,0,0
"47",0,"male","01",0,0,0
"211",8.90224690738243,"male","01",0,0,1
"50",8.90224690738243,"male","01",1,0,1
"172",0,"male","01",0,0,0
"281",0,"male","01",0,0,0
"174",0,"male","01",0,0,0
"54",0,"male","01",0,0,0
"257",0,"male","01",0,0,0
"180",42.4381903478459,"male","01",0,0,1
"222",0,"male","01",1,0,0
"184",0,"male","01",1,0,0
"269",0,"male","01",1,0,0
"197",0,"male","01",1,0,0
"199",0,"male","01",1,0,0
"203",0,"male","01",1,0,0
"85",0,"male","01",1,0,0
"273",0,"male","01",1,0,0
"209",31.8276609256791,"male","01",1,0,1
"267",5.09901951359278,"male","01",1,0,1
"288",61.9293952820468,"male","01",1,0,1
"219",0,"male","01",0,0,0
"262",30.004166377355,"male","01",0,0,1
"223",0,"male","01",0,0,0
"224",35.1176593753057,"male","01",0,0,1
"234",2.23606797749979,"male","01",0,0,1
"227",58.5170915203413,"male","01",0,0,1
"113",0,"male","01",0,0,0
"229",47.2890050646025,"male","01",0,0,1
"110",40.3887360535088,"male","01",0,0,1
"274",3.16227766016838,"male","01",0,0,1
"237",90.6104298632337,"male","01",0,0,1
"290",263.721917936299,"male","01",0,0,1
"295",0,"male","01",0,0,0
"242",9.7082439194738,"male","01",0,0,1
"241",56.859475903318,"male","01",0,0,1
"256",0,"male","01",0,0,0
"258",54.744862772684,"male","01",0,0,1
"294",243.889831686358,"male","01",0,0,1
"245",11.9268604418766,"male","01",0,0,1
"20",313.65626089718,"male","01",0,0,1
"247",328.80275242157,"male","01",0,0,1
"249",154.797448299382,"male","01",0,0,1
"9",31.2169825575759,"male","01",0,0,1
"22",0,"male","01",0,0,0
"24",49.3963561409139,"male","01",0,0,1
"27",248.08970151943,"male","01",0,0,1
"179",115.616824035259,"male","01",1,0,1
"28",7.51664818918645,"male","01",0,0,1
"151",0,"male","01",0,0,0
"19",11.0113577727726,"male","01",0,0,1
"31",63.7377439199098,"male","01",0,0,1
"34",2.82842712474619,"male","01",1,0,1
"161",12.0415945787923,"male","01",1,0,1
"266",38.0525951808809,"male","01",0,0,1
"75",6,"male","01",1,0,1
"37",6,"male","01",1,0,1
"42",6,"male","01",1,0,1
"44",21.095023109729,"male","01",1,0,1
"45",2,"male","01",1,0,1
"48",0,"male","01",1,0,0
"49",0,"male","01",1,0,0
"287",0,"male","01",1,0,0
"77",0,"male","01",1,0,0
"53",68.0294054067798,"male","01",1,0,1
"55",0,"male","01",0,0,0
"260",0,"male","01",0,0,0
"183",4.12310562561766,"male","01",0,0,1
"146",0,"male","01",1,0,0
"189",236.411188398519,"male","01",1,0,1
"81",0,"male","01",0,0,0
"72",0,"male","01",0,0,0
"83",0,"male","01",0,0,0
"71",103.247275993122,"male","01",0,0,1
"250",0,"male","01",1,0,0
"93",0,"male","01",1,0,0
"98",0,"male","01",1,0,0
"100",0,"male","01",1,0,0
"102",0,"male","01",1,0,0
"107",0,"male","01",1,0,0
"117",0,"male","01",1,0,0
"119",0,"male","01",1,0,0
"122",0,"male","01",1,0,0
"145",0,"male","01",1,0,0
"152",0,"male","01",1,0,0
"355",0,"male","02",0,0,0
"374",0,"male","02",0,0,0
"484",16.6048185781145,"male","02",0,0,1
"330",0,"male","02",0,0,0
"375",0,"male","02",0,0,0
"499",0,"male","02",0,0,0
"379",40.6970514902493,"male","02",0,0,1
"381",70.0160695840605,"male","02",1,0,1
"387",4.12310562561766,"male","02",1,0,1
"432",1.4142135623731,"male","02",1,0,1
"359",0,"male","02",1,0,0
"333",0,"male","02",1,0,0
"486",0,"male","02",1,0,0
"448",27.459060435492,"male","02",1,0,1
"507",12.9711217710728,"male","02",0,0,1
"335",12.9711217710728,"male","02",0,0,1
"312",1.4142135623731,"male","02",0,0,1
"315",7.5,"male","02",0,0,1
"505",7.76208734813001,"male","02",1,0,1
"471",0,"male","02",0,0,0
"510",61.4837376872942,"male","02",0,0,1
"430",17.9234483289349,"male","02",0,0,1
"392",45.4862616621766,"male","02",0,0,1
"438",21.4767315949145,"male","02",0,0,1
"360",29.0903764155777,"male","02",1,0,1
"306",90.5207158610668,"male","02",0,0,1
"396",15.8113883008419,"male","02",0,0,1
"480",12.5299640861417,"male","02",0,0,1
"364",37.1079506305589,"male","02",0,0,1
"317",20.4266982158155,"male","02",0,0,1
"519",0,"male","02",0,0,0
"308",0,"male","02",0,0,0
"398",0,"male","02",0,0,0
"440",301.171877837224,"male","02",0,0,1
"416",304.5,"male","02",1,0,1
"444",6.40312423743285,"male","02",0,0,1
"406",0,"male","02",0,0,0
"328",0,"male","02",0,0,0
"452",120.702112657567,"male","02",0,0,1
"455",0,"male","02",1,0,0
"322",1,"male","02",1,0,1
"461",4,"male","02",1,0,1
"464",1.4142135623731,"male","02",1,0,1
"490",0,"male","02",1,0,0
"371",34.23813663154,"male","02",1,0,1
"492",21.3600093632938,"male","02",1,0,1
"310",31.04834939252,"male","02",0,0,1
"503",8.06225774829855,"male","02",0,0,1
"469",3.16227766016838,"male","02",1,0,1
"485",0,"male","02",1,0,0
"514",0,"male","02",1,0,0
"525",25.1644590643232,"male","02",1,0,1
"411",82.4393716618461,"male","02",0,0,1
"495",3,"male","02",1,0,1
"502",3.16227766016838,"male","02",1,0,1
"433",8.60232526704263,"male","02",1,0,1
"437",1,"male","02",1,0,1
"498",0,"male","02",1,0,0
"332",4.12310562561766,"male","02",1,0,1
"457",0,"male","02",1,0,0
"338",0,"male","02",1,0,0
"463",0,"male","02",1,0,0
"447",0,"male","02",1,0,0
"342",0,"male","02",1,0,0
"345",0,"male","02",1,0,0
"529",0,"male","02",1,0,0
"351",0,"male","02",1,0,0
"303",0,"male","02",1,0,0
"356",9.4339811320566,"male","02",1,0,1
"318",0,"male","02",1,0,0
"450",22.0510770711999,"male","02",1,0,1
"301",18.8215302247187,"male","02",1,0,1
"369",0.5,"male","02",0,0,1
"362",29.5169442862909,"male","02",0,0,1
"523",21.9829479369806,"male","02",0,0,1
"488",17.5071414000116,"male","02",1,0,1
"515",17.8675683852056,"male","02",1,0,1
"520",0,"male","02",0,0,0
"414",11.0453610171873,"male","02",0,0,1
"376",3.16227766016838,"male","02",0,0,1
"429",10.1980390271856,"male","02",0,0,1
"391",17.8675683852056,"male","02",0,0,1
"378",53.5933764564242,"male","02",1,0,1
"302",2.23606797749979,"male","02",1,0,1
"300",219.349606792444,"male","02",1,0,1
"327",13.6565002837477,"male","02",0,0,1
"307",68.4415809285554,"male","02",0,0,1
"385",125.195846576474,"male","02",0,0,1
"346",10.770329614269,"male","02",0,0,1
"400",2.23606797749979,"male","02",0,0,1
"320",3.16227766016838,"male","02",0,0,1
"326",5.09901951359278,"male","02",0,0,1
"363",5,"male","02",0,0,1
"407",83.5284382710463,"male","02",0,0,1
"435",22.9836898691224,"male","02",0,0,1
"368",84.0238061504,"male","02",0,0,1
"329",24.1350367722943,"male","02",0,0,1
"417",15.6284996080878,"male","02",0,0,1
"412",177.938894005779,"male","02",0,0,1
"453",58.1055074842308,"male","02",0,0,1
"415",30.886890422961,"male","02",1,0,1
"418",0,"male","02",1,0,0
"420",0,"male","02",1,0,0
"500",0,"male","02",1,0,0
"343",0,"male","02",1,0,0
"427",3.60555127546399,"male","02",1,0,1
"428",0,"male","02",1,0,0
"348",0,"male","02",1,0,0
"431",0,"male","02",1,0,0
"528",0,"male","02",1,0,0
"512",0,"male","02",1,0,0
"395",20.6155281280883,"male","02",1,0,1
"478",20.6155281280883,"male","02",1,0,1
"319",0,"male","02",1,0,0
"443",49.862310415784,"male","02",1,0,1
"459",0,"male","02",1,0,0
"325",0,"male","02",1,0,0
"370",0,"male","02",1,0,0
"341",297.807404206141,"male","02",1,0,1
"465",4.52769256906871,"male","02",0,0,1
"467",4.52769256906871,"male","02",0,0,1
"350",0,"male","02",0,0,0
"473",0,"male","02",0,0,0
"354",21.3190056053278,"male","02",0,0,1
"357",0,"male","02",0,0,0
"365",0,"male","02",0,0,0
"372",0,"male","02",0,0,0
"377",0,"male","02",0,0,0
"403",0,"male","02",0,0,0
"402",0,"male","02",0,0,0
"516",0,"male","02",0,0,0
"569",0,"female","03",0,0,0
"571",0,"female","03",0,0,0
"618",57.4739071231459,"female","03",0,0,1
"556",2.82842712474619,"female","03",0,0,1
"617",2.91547594742265,"female","03",0,0,1
"632",54.6465918424928,"female","03",0,0,1
"567",0,"female","03",0,0,0
"560",1,"female","03",0,0,1
"548",4.5,"female","03",0,0,1
"604",11.6619037896906,"female","03",0,0,1
"584",37.0843632815773,"female","03",0,0,1
"545",14.5,"female","03",0,0,1
"574",0,"female","03",0,0,0
"542",3.5,"female","03",0,0,1
"581",3.5,"female","03",0,0,1
"547",7.90569415042095,"female","03",0,0,1
"585",46.5026880943457,"female","03",0,0,1
"614",6.26498204307083,"female","03",0,0,1
"633",6.26498204307083,"female","03",0,0,1
"579",8.20060973342836,"female","03",0,0,1
"568",51.2079095453036,"female","03",0,0,1
"562",29.2959041505805,"female","03",0,0,1
"561",17.8044938147649,"female","03",0,0,1
"607",9.01387818865997,"female","03",0,0,1
"622",30.5286750449475,"female","03",1,0,1
"606",19.1441897190766,"female","03",0,0,1
"636",42.7375712927162,"female","03",0,0,1
"615",105.731972458665,"female","03",0,0,1
"616",0,"female","03",0,0,0
"577",0,"female","03",0,0,0
"531",0,"female","03",0,0,0
"602",0,"female","03",0,0,0
"575",0,"female","03",0,0,0
"624",0,"female","03",0,0,0
"628",0,"female","03",0,0,0
"566",0,"female","03",0,0,0
"619",0,"female","03",0,0,0
"576",0,"female","03",0,0,0
"551",0,"female","03",0,0,0
"597",0,"female","03",0,0,0
"557",0,"female","03",0,0,0
"587",0,"female","03",0,0,0
"554",0,"female","03",0,0,0
"580",18.3847763108502,"female","03",0,0,1
"570",75.1664818918645,"female","03",1,0,1
"559",59.6824932455071,"female","03",0,0,1
"603",2,"female","03",0,0,1
"539",61.4654374425172,"female","03",0,0,1
"620",2,"female","03",0,0,1
"595",0,"female","03",0,0,0
"598",72.6154253585283,"female","03",0,0,1
"533",16.4924225024706,"female","03",0,0,1
"626",13.9283882771841,"female","03",0,0,1
"609",2,"female","03",0,0,1
"599",16.0078105935821,"female","03",0,0,1
"623",17.8044938147649,"female","03",0,0,1
"631",12.6589889011722,"female","03",0,0,1
"611",6.40312423743285,"female","03",0,0,1
"630",0,"female","03",0,0,0
"605",0,"female","03",0,0,0
"543",21.9544984001001,"female","03",0,0,1
"583",10.0623058987491,"female","03",0,0,1
"589",4.7169905660283,"female","03",0,0,1
"637",7.21110255092798,"female","03",0,0,1
"596",0,"female","03",0,0,0
"635",0,"female","03",0,0,0
"555",21.9544984001001,"female","03",0,0,1
"563",13.6014705087354,"female","03",0,0,1
"638",110.432105838837,"female","03",0,0,1
"546",0,"female","03",1,0,0
"657",53.2024435529046,"female","09",1,0,1
"649",0,"female","09",0,0,0
"656",3.53553390593274,"female","09",0,0,1
"665",2.82842712474619,"female","09",0,0,1
"653",2.12132034355964,"female","09",0,0,1
"663",0,"female","09",0,0,0
"640",2.54950975679639,"female","09",0,0,1
"650",101.044544632553,"female","09",0,0,1
"648",8.06225774829855,"female","09",0,0,1
"655",0,"female","09",0,0,0
"662",0,"female","09",0,0,0
"658",0,"female","09",0,0,0
"651",0,"female","09",0,0,0
"639",0,"female","09",0,0,0
"644",0,"female","09",0,0,0
"661",0,"female","09",0,0,0
"659",9.21954445729289,"female","09",0,0,1
"647",4.52769256906871,"female","09",0,0,1
"646",0,"female","09",0,0,0
"664",0,"female","09",0,0,0
"162",0,"male","01",1,0,0
"46",0,"male","01",1,0,0
"170",0,"male","01",1,0,0
"298",0,"male","01",1,0,0
"173",0,"male","01",1,0,0
"176",3.5,"male","01",1,0,1
"178",3.60555127546399,"male","01",1,0,1
"58",0,"male","01",1,0,0
"263",8.74642784226795,"male","01",1,0,1
"142",41.7432629294836,"male","01",0,0,1
"63",0,"male","01",0,0,0
"270",0,"male","01",0,0,0
"148",0,"male","01",0,0,0
"123",0,"male","01",0,0,0
"69",0,"male","01",0,0,0
"291",0,"male","01",0,0,0
"154",0,"male","01",0,0,0
"196",0,"male","01",0,0,0
"78",0,"male","01",0,0,0
"125",0,"male","01",0,0,0
"10",0,"male","01",0,0,0
"279",0,"male","01",0,0,0
"284",0,"male","01",0,0,0
"84",0,"male","01",0,0,0
"255",0,"male","01",0,0,0
"135",0,"male","01",0,0,0
"289",0,"male","01",0,0,0
"208",10.4403065089106,"male","01",0,0,1
"90",10.4403065089106,"male","01",0,0,1
"212",0,"male","01",0,0,0
"215",0,"male","01",0,0,0
"96",4.52769256906871,"male","01",0,0,1
"259",4.52769256906871,"male","01",0,0,1
"218",0,"male","01",0,0,0
"277",0,"male","01",0,0,0
"104",0,"male","01",0,0,0
"188",0,"male","01",0,0,0
"108",0,"male","01",0,0,0
"138",0,"male","01",0,0,0
"232",0,"male","01",0,0,0
"194",0,"male","01",0,0,0
"236",0,"male","01",0,0,0
"254",4.52769256906871,"male","01",0,0,1
"240",45.7739008606433,"male","01",0,0,1
"244",58.0387801388003,"male","01",0,0,1
"126",23.3238075793812,"male","01",0,0,1
"182",0,"male","01",0,0,0
"171",0,"male","01",0,0,0
"132",0,"male","01",0,0,0
"134",69.0398435687683,"male","01",0,0,1
"137",74.0016891699102,"male","01",0,0,1
"297",6.9462219947249,"male","01",0,0,1
"261",8.3815273071201,"male","01",0,0,1
"264",9.30053761886914,"male","01",0,0,1
"225",3.60555127546399,"male","01",0,0,1
"25",40.1310353716422,"male","01",0,0,1
"231",28.3063597094363,"male","01",0,0,1
"30",2.5,"male","01",0,0,1
"233",12.0830459735946,"male","01",0,0,1
"155",0,"male","01",0,0,0
"252",0,"male","01",0,0,0
"158",0,"male","01",0,0,0
"268",0,"male","01",0,0,0
"163",9.5,"male","01",0,0,1
"165",37.3530453912395,"male","01",0,0,1
"168",0,"male","01",1,0,0
"239",0,"male","01",1,0,0
"253",0,"male","01",1,0,0
"293",0,"male","01",1,0,0
"175",0,"male","01",1,0,0
"177",0,"male","01",1,0,0
"139",1.11803398874989,"male","01",1,0,1
"265",1.11803398874989,"male","01",1,0,1
"62",0,"male","01",1,0,0
"185",0,"male","01",1,0,0
"187",22.1923410211721,"male","01",1,0,1
"68",23.1948270094864,"male","01",0,0,1
"191",51.1517350634365,"male","01",0,0,1
"286",34.9463875100131,"male","01",0,0,1
"235",0,"male","01",0,0,0
"280",3.90512483795333,"male","01",0,0,1
"200",38.4187454245971,"male","01",0,0,1
"201",32.8100594330458,"male","01",0,0,1
"204",131.126846984132,"male","01",0,0,1
"205",0,"male","01",0,0,0
"207",23.3773394551219,"male","01",0,0,1
"251",22.2092323145128,"male","01",0,0,1
"213",0,"male","01",0,0,0
"214",0,"male","01",0,0,0
"210",17.1172427686237,"male","01",0,0,1
"296",0,"male","01",0,0,0
"271",0,"male","01",0,0,0
"292",2.23606797749979,"male","01",0,0,1
"275",10.7935165724615,"male","01",0,0,1
"276",45.0693909432999,"male","01",0,0,1
"116",0,"male","01",0,0,0
"226",40.8044115262063,"male","01",0,0,1
"522",4.52769256906871,"male","02",0,0,1
"424",0,"male","02",0,0,0
"506",0,"male","02",0,0,0
"518",0,"male","02",0,0,0
"521",0,"male","02",0,0,0
"508",0,"male","02",0,0,0
"434",0,"male","02",0,0,0
"436",0,"male","02",0,0,0
"399",0,"male","02",0,0,0
"441",41.4849370253831,"male","02",0,0,1
"347",0,"male","02",1,0,0
"445",0,"male","02",1,0,0
"468",0,"male","02",1,0,0
"339",4.03112887414927,"male","02",1,0,1
"449",4.03112887414927,"male","02",1,0,1
"451",0,"male","02",1,0,0
"527",0,"male","02",1,0,0
"481",0,"male","02",1,0,0
"380",0,"male","02",1,0,0
"382",8,"male","02",1,0,1
"456",0,"male","02",1,0,0
"524",8,"male","02",1,0,1
"460",8,"male","02",1,0,1
"388",0,"male","02",1,0,0
"390",8,"male","02",1,0,1
"462",0,"male","02",1,0,0
"494",0,"male","02",1,0,0
"466",8,"male","02",1,0,1
"361",0,"male","02",1,0,0
"470",0,"male","02",1,0,0
"472",0,"male","02",1,0,0
"393",8,"male","02",1,0,1
"475",8,"male","02",1,0,1
"477",0,"male","02",1,0,0
"442",0,"male","02",1,0,0
"526",0,"male","02",1,0,0
"446",0,"male","02",1,0,0
"476",0,"male","02",1,0,0
"487",0,"male","02",1,0,0
"409",0,"male","02",1,0,0
"491",0,"male","02",1,0,0
"493",8,"male","02",1,0,1
"497",8,"male","02",1,0,1
"496",0,"male","02",1,0,0
"501",8,"male","02",1,0,1
"383",3,"male","02",1,0,1
"668",6.04152298679729,"female","10",0,0,1
"724",42.145581025773,"female","10",0,0,1
"699",0,"female","10",0,0,0
"690",0,"female","10",0,0,0
"669",0,"female","10",0,0,0
"694",1.4142135623731,"female","10",0,0,1
"670",1.4142135623731,"female","10",0,0,1
"673",15.2069063257455,"female","10",0,0,1
"741",9.3407708461347,"female","10",0,0,1
"676",50.7666228933933,"female","10",0,0,1
"679",10.5475115548645,"female","10",0,0,1
"666",46.5671558075002,"female","10",0,0,1
"683",0,"female","10",0,0,0
"672",0,"female","10",0,0,0
"688",0,"female","10",0,0,0
"691",0,"female","10",0,0,0
"692",35.9235298933721,"female","10",0,0,1
"667",0,"female","10",1,0,0
"684",0,"female","10",1,0,0
"726",2.82842712474619,"female","10",1,0,1
"701",2.82842712474619,"female","10",1,0,1
"675",0,"female","10",1,0,0
"677",0,"female","10",1,0,0
"674",0,"female","10",1,0,0
"695",0,"female","10",1,0,0
"697",0,"female","10",1,0,0
"782",0,"female","10",1,0,0
"784",0,"female","10",1,0,0
"744",0,"female","10",1,0,0
"678",0,"female","10",1,0,0
"680",0,"female","10",1,0,0
"682",0,"female","10",1,0,0
"671",0,"female","10",1,0,0
"686",0,"female","10",1,0,0
"715",12.2983738762488,"female","10",1,0,1
"718",47.6917183586417,"female","10",1,0,1
"720",1.80277563773199,"female","10",1,0,1
"681",0,"female","10",1,0,0
"696",0,"female","10",1,0,0
"685",0,"female","10",1,0,0
"687",5.09901951359278,"female","10",1,0,1
"689",67.7974925790032,"female","10",1,0,1
"712",73.900270635499,"female","10",0,0,1
"704",57.959037259085,"female","10",0,0,1
"693",10.770329614269,"female","10",0,0,1
"709",0,"female","10",0,0,0
"698",0,"female","10",0,0,0
"700",0,"female","10",0,0,0
"702",0,"female","10",0,0,0
"703",18.1727818453862,"female","10",0,0,1
"717",4.7169905660283,"female","10",0,0,1
"705",77.3078262532326,"female","10",0,0,1
"706",44.5785823013698,"female","10",0,0,1
"707",7.43303437365925,"female","10",0,0,1
"708",7.81024967590665,"female","10",0,0,1
"722",7.07106781186548,"female","10",0,0,1
"710",0,"female","10",0,0,0
"711",3,"female","10",0,0,1
"713",3.16227766016838,"female","10",0,0,1
"714",12.0415945787923,"female","10",0,0,1
"716",21.6910119634839,"female","10",0,0,1
"719",33.8378486313773,"female","10",0,0,1
"721",36.1005540123694,"female","10",0,0,1
"723",0,"female","10",0,0,0
"725",51.295711321708,"female","10",0,0,1
"727",31.4841229828623,"female","10",0,0,1
"729",26.9258240356725,"female","10",0,0,1
"730",147.709173716462,"female","10",0,0,1
"732",19.1441897190766,"female","10",0,0,1
"733",29.0387671914632,"female","10",0,0,1
"734",0,"female","10",0,0,0
"735",2.23606797749979,"female","10",0,0,1
"736",11.4127122105133,"female","10",0,0,1
"737",0,"female","10",0,0,0
"738",0,"female","10",0,0,0
"739",22.1415898254845,"female","10",0,0,1
"740",42.573465914816,"female","10",0,0,1
"781",9.01387818865997,"female","10",0,0,1
"742",0,"female","10",0,0,0
"747",8.73212459828649,"female","10",0,0,1
"750",2.23606797749979,"female","10",0,0,1
"753",0,"female","10",0,0,0
"756",0,"female","10",0,0,0
"758",4.92442890089805,"female","10",0,0,1
"762",4.92442890089805,"female","10",0,0,1
"764",0,"female","10",0,0,0
"728",0,"female","10",0,0,0
"731",37.030392922571,"female","10",0,0,1
"774",20.5243757517738,"female","10",0,0,1
"777",13.5830777072061,"female","10",0,0,1
"778",4,"female","10",0,0,1
"743",24.5814971065637,"female","10",0,0,1
"772",37.1651718682963,"female","10",0,0,1
"785",0,"female","10",0,0,0
"751",0,"female","10",0,0,0
"754",66.0302960768767,"female","10",0,0,1
"757",0,"female","10",1,0,0
"760",0,"female","10",1,0,0
"763",0,"female","10",1,0,0
"779",0,"female","10",1,0,0
"792",0,"female","10",1,0,0
"759",0,"female","10",1,0,0
"775",8.27647267862342,"female","10",1,0,1
"788",0,"female","10",1,0,0
"794",0,"female","10",1,0,0
"786",6.04152298679729,"female","10",1,0,1
"748",13.865424623862,"female","10",0,0,1
"791",49.0407993409569,"female","10",1,0,1
"780",17.5,"female","10",1,0,1
"783",0,"female","10",1,0,0
"787",33.5596483890997,"female","10",1,0,1
"796",0,"female","10",1,0,0
"789",3.35410196624968,"female","10",1,0,1
"768",31.976553910639,"female","10",0,0,1
"771",5.02493781056044,"female","10",1,0,1
"795",41.0274298488219,"female","10",1,0,1
"793",0,"female","10",1,0,0
"770",0,"female","10",1,0,0
"745",0,"female","10",1,0,0
"749",0,"female","10",1,0,0
"752",0,"female","10",1,0,0
"755",0,"female","10",1,0,0
"746",0,"female","10",1,0,0
"761",22.6384628453435,"female","10",1,0,1
"790",3.60555127546399,"female","10",1,0,1
"765",3.60555127546399,"female","10",1,0,1
"769",20.6155281280883,"female","10",1,0,1
"773",23.3452350598575,"female","10",1,0,1
"797",2.23606797749979,"female","10",1,0,1
"776",63.6945837571767,"female","10",1,0,1
"766",0,"female","10",0,0,0
"821",5.65685424949238,"female","13",0,0,1
"824",0,"female","13",0,0,0
"866",0,"female","13",0,0,0
"800",0,"female","13",0,0,0
"831",0,"female","13",0,0,0
"811",47.4341649025257,"female","13",0,0,1
"825",0,"female","13",1,0,0
"840",0,"female","13",1,0,0
"886",0,"female","13",1,0,0
"805",0,"female","13",1,0,0
"890",0,"female","13",1,0,0
"852",0,"female","13",1,0,0
"855",0,"female","13",1,0,0
"888",0,"female","13",1,0,0
"902",0,"female","13",1,0,0
"905",0,"female","13",1,0,0
"804",0,"female","13",1,0,0
"807",0,"female","13",1,0,0
"833",0,"female","13",1,0,0
"836",0,"female","13",1,0,0
"839",0,"female","13",1,0,0
"842",7.64852927038918,"female","13",1,0,1
"820",18.0623918681884,"female","13",1,0,1
"848",20.4022057631032,"female","13",0,0,1
"813",0,"female","13",1,0,0
"816",0,"female","13",1,0,0
"859",0,"female","13",1,0,0
"822",0,"female","13",1,0,0
"864",0,"female","13",1,0,0
"827",0,"female","13",1,0,0
"830",0,"female","13",1,0,0
"845",0,"female","13",1,0,0
"837",0,"female","13",1,0,0
"838",0,"female","13",1,0,0
"801",31.9061122670876,"female","13",1,0,1
"846",29.1547594742265,"female","13",1,0,1
"847",47.6366455578056,"female","13",1,0,1
"815",93.1946886898604,"female","13",1,0,1
"895",0,"female","13",0,0,0
"856",0,"female","13",0,0,0
"861",0,"female","13",0,0,0
"823",0,"female","13",0,0,0
"865",15.4029218007494,"female","13",0,0,1
"828",0,"female","13",0,0,0
"872",0,"female","13",0,0,0
"875",0,"female","13",0,0,0
"877",0,"female","13",0,0,0
"841",0,"female","13",0,0,0
"843",0,"female","13",0,0,0
"887",0,"female","13",0,0,0
"809",0,"female","13",0,0,0
"853",87.7567661209094,"female","13",0,0,1
"896",248.306765916678,"female","13",0,0,1
"858",42.3615391599503,"female","13",0,0,1
"900",0,"female","13",0,0,0
"966",0,"female","13",0,0,0
"947",0,"female","13",0,0,0
"934",0,"female","13",0,0,0
"906",0,"female","13",0,0,0
"868",0,"female","13",0,0,0
"871",0,"female","13",0,0,0
"912",0,"female","13",0,0,0
"874",1.5,"female","13",0,0,1
"808",0,"female","13",0,0,0
"878",0,"female","13",0,0,0
"880",0,"female","13",0,0,0
"910",2.82842712474619,"female","13",0,0,1
"817",3.16227766016838,"female","13",0,0,1
"926",0,"female","13",0,0,0
"889",0,"female","13",0,0,0
"810",4.60977222864644,"female","13",0,0,1
"893",0,"female","13",0,0,0
"935",0,"female","13",0,0,0
"897",0,"female","13",0,0,0
"857",0,"female","13",0,0,0
"860",0,"female","13",0,0,0
"943",0,"female","13",0,0,0
"932",2.06155281280883,"female","13",0,0,1
"826",2.06155281280883,"female","13",0,0,1
"911",2.06155281280883,"female","13",0,0,1
"901",1.5,"female","13",0,0,1
"835",0,"female","13",0,0,0
"879",3.53553390593274,"female","13",0,0,1
"883",0,"female","13",0,0,0
"949",0,"female","13",0,0,0
"929",0,"female","13",0,0,0
"892",0,"female","13",0,0,0
"854",2.06155281280883,"female","13",0,0,1
"937",2.06155281280883,"female","13",0,0,1
"928",2.06155281280883,"female","13",0,0,1
"944",0,"female","13",0,0,0
"894",3,"female","13",0,0,1
"873",3.53553390593274,"female","13",0,0,1
"876",0,"female","13",0,0,0
"907",1.5,"female","13",0,0,1
"950",1.5,"female","13",0,0,1
"941",6.67083203206317,"female","13",0,0,1
"806",0,"female","13",0,0,0
"851",0,"female","13",0,0,0
"803",0,"female","13",0,0,0
"968",17.0293863659264,"male","14",0,0,1
"1001",0,"male","14",0,0,0
"974",0,"male","14",0,0,0
"1011",3.04138126514911,"male","14",0,0,1
"1003",37.1247895616931,"male","14",0,0,1
"998",2.5,"male","14",0,0,1
"978",2.5,"male","14",0,0,1
"1005",2.5,"male","14",0,0,1
"1015",0,"male","14",0,0,0
"992",2.5,"male","14",0,0,1
"985",2.5,"male","14",0,0,1
"983",1.4142135623731,"male","14",0,0,1
"981",0.5,"male","14",0,0,1
"1016",3,"male","14",0,0,1
"984",0,"male","14",0,0,0
"970",0,"male","14",0,0,0
"967",2.5,"male","14",0,0,1
"1014",2.5,"male","14",0,0,1
"986",0,"male","14",0,0,0
"977",0,"male","14",0,0,0
"972",0,"male","14",0,0,0
"1018",0,"male","14",0,0,0
"980",0,"male","14",0,0,0
"1007",0,"male","14",0,0,0
"979",0,"male","14",0,0,0
"975",0,"male","14",0,0,0
"1010",15.7003184681076,"male","14",0,0,1
"1017",46.7038542306735,"male","14",0,0,1
"1013",51.2079095453036,"male","14",0,0,1
"987",15.5322245670091,"male","14",0,0,1
"976",50.0449797682045,"male","14",0,0,1
"1008",29.1247317584214,"male","14",0,0,1
"996",64.2748006609122,"male","14",0,0,1
"988",78.6670197732188,"male","14",0,0,1
"973",10.4043260233424,"male","14",1,0,1
"1004",57.5782076831157,"male","14",1,0,1
"997",17.007351351695,"male","14",0,0,1
"999",30.3191358715911,"male","14",0,0,1
"994",3.60555127546399,"male","14",0,0,1
"982",0,"male","14",0,0,0
"1012",7.07106781186548,"male","14",0,0,1
"1006",0,"male","14",0,0,0
"990",3.60555127546399,"male","14",0,0,1
"991",1.58113883008419,"male","14",0,0,1
"969",0,"male","14",0,0,0
"993",0,"male","14",0,0,0
"971",0,"male","14",0,0,0
"1000",0,"male","14",0,0,0
"1002",0,"male","14",0,0,0
"1009",16.0312195418814,"male","14",0,0,1
"995",4.03112887414927,"male","14",0,0,1
"1047",46.1735855224608,"male","22",0,0,1
"1053",0,"male","22",1,0,0
"1033",0,"male","22",1,0,0
"1019",5,"male","22",1,0,1
"1049",0,"male","22",1,0,0
"1026",524.262577340783,"male","22",1,0,1
"1030",0,"male","22",1,0,0
"1028",19.0065778087482,"male","22",1,0,1
"1031",0,"male","22",0,1,0
"1022",0,"male","22",0,1,0
"1065",0,"male","22",0,1,0
"1050",0,"male","22",0,1,0
"1036",0,"male","22",0,1,0
"1062",0,"male","22",0,1,0
"1029",0,"male","22",0,1,0
"1058",0,"male","22",0,1,0
"1044",0,"male","22",0,1,0
"1057",0,"male","22",0,1,0
"1035",0,"male","22",0,1,0
"1063",0,"male","22",0,1,0
"1037",3.90512483795333,"male","22",0,1,1
"1034",3.90512483795333,"male","22",0,0,1
"1020",19.0065778087482,"male","22",0,1,1
"1048",0,"male","22",1,0,0
"1038",0,"male","22",1,0,0
"1054",0,"male","22",1,0,0
"1024",0,"male","22",1,0,0
"1045",0,"male","22",1,0,0
"1046",0,"male","22",1,0,0
"1039",1.58113883008419,"male","22",1,0,1
"1041",3.64005494464026,"male","22",1,0,1
"1032",7.81024967590665,"male","22",1,0,1
"1061",0,"male","22",1,0,0
"1056",0,"male","22",1,0,0
"1055",6.57647321898295,"male","22",1,0,1
"1051",0,"male","22",1,0,0
"1064",6.57647321898295,"male","22",1,0,1
"1060",6.57647321898295,"male","22",1,0,1
"1027",0,"male","22",1,0,0
"1021",0,"male","22",1,0,0
"1023",0,"male","22",1,0,0
"1059",8.13941029804985,"male","22",1,0,1
"1043",0,"male","22",0,0,0
"1040",6.57647321898295,"male","22",0,0,1
"1042",0,"male","22",1,0,0
"1145",0,"female","23",0,0,0
"1106",1.5,"female","23",0,0,1
"1070",15.2643375224737,"female","23",0,0,1
"1125",8.60232526704263,"female","23",0,0,1
"1080",1.4142135623731,"female","23",0,0,1
"1068",14.1155942134931,"female","23",0,0,1
"1081",0,"female","23",0,0,0
"1066",0,"female","23",0,0,0
"1113",0,"female","23",0,0,0
"1091",0,"female","23",0,0,0
"1069",0,"female","23",0,0,0
"1072",0,"female","23",0,0,0
"1112",14.7054411698527,"female","23",0,0,1
"1087",3.90512483795333,"female","23",0,0,1
"1134",0.5,"female","23",0,0,1
"1093",0.5,"female","23",0,0,1
"1115",7.15891053163818,"female","23",0,0,1
"1082",0,"female","23",0,0,0
"1121",0,"female","23",0,0,0
"1165",11.1018016555873,"female","23",0,0,1
"1127",14.1155942134931,"female","23",0,0,1
"1103",4.47213595499958,"female","23",0,0,1
"1094",0,"female","23",0,0,0
"1096",0,"female","23",0,0,0
"867",0,"female","13",0,0,0
"936",0,"female","13",0,0,0
"818",0,"female","13",0,0,0
"915",0,"female","13",0,0,0
"918",2.06155281280883,"female","13",0,0,1
"951",2.06155281280883,"female","13",0,0,1
"961",0,"female","13",0,0,0
"962",0,"female","13",0,0,0
"930",0,"female","13",0,0,0
"948",0,"female","13",0,0,0
"923",0,"female","13",0,0,0
"938",0,"female","13",0,0,0
"939",0,"female","13",0,0,0
"942",0,"female","13",0,0,0
"933",0,"female","13",0,0,0
"965",0,"female","13",0,0,0
"955",0,"female","13",0,0,0
"834",29.7195222034272,"female","13",0,0,1
"922",62.8907783383224,"female","13",0,0,1
"957",4.30116263352131,"female","13",0,0,1
"850",14.8660687473185,"female","13",0,0,1
"945",0,"female","13",0,0,0
"899",0,"female","13",0,0,0
"904",0,"female","13",0,0,0
"798",0,"female","13",0,0,0
"870",0,"female","13",0,0,0
"916",0,"female","13",0,0,0
"799",0,"female","13",0,0,0
"882",0,"female","13",0,0,0
"891",0,"female","13",0,0,0
"908",0,"female","13",0,0,0
"832",0,"female","13",0,0,0
"903",0,"female","13",0,0,0
"964",0,"female","13",0,0,0
"913",15.4434452114805,"female","13",0,0,1
"802",15.4434452114805,"female","13",0,0,1
"844",1.5,"female","13",0,0,1
"819",0,"female","13",0,0,0
"814",0,"female","13",0,0,0
"927",32.3303263206544,"female","13",0,0,1
"863",8.90224690738243,"female","13",0,1,1
"869",0,"female","13",0,0,0
"940",5.70087712549569,"female","13",0,0,1
"946",0,"female","13",0,1,0
"884",0,"female","13",0,1,0
"849",3.35410196624968,"female","13",0,1,1
"898",0,"female","13",0,0,0
"862",3.35410196624968,"female","13",0,0,1
"959",0,"female","13",0,1,0
"829",3.35410196624968,"female","13",0,1,1
"953",0,"female","13",0,0,0
"924",3.35410196624968,"female","13",0,0,1
"885",3.35410196624968,"female","13",0,1,1
"920",0,"female","13",0,0,0
"954",3.35410196624968,"female","13",0,0,1
"956",5.70087712549569,"female","13",0,1,1
"812",14.422205101856,"female","13",0,0,1
"963",7.63216876123687,"female","13",0,0,1
"917",4.5,"female","13",0,1,1
"921",0,"female","13",0,0,0
"914",0,"female","13",0,0,0
"931",5.22015325445528,"female","13",0,0,1
"1074",0,"female","23",0,0,0
"1137",14.7054411698527,"female","23",0,0,1
"1141",0,"female","23",0,0,0
"1075",7.15891053163818,"female","23",0,0,1
"1090",0,"female","23",0,0,0
"1083",0,"female","23",0,0,0
"1100",0,"female","23",0,0,0
"1164",0,"female","23",0,0,0
"1155",1,"female","23",0,0,1
"1079",1,"female","23",0,0,1
"1095",0,"female","23",0,0,0
"1098",0,"female","23",0,0,0
"1085",0,"female","23",0,0,0
"1102",0,"female","23",0,0,0
"1073",0,"female","23",0,0,0
"1111",0,"female","23",0,0,0
"1149",5,"female","23",0,0,1
"1092",0,"female","23",0,0,0
"1148",0,"female","23",0,0,0
"1101",0,"female","23",0,0,0
"1089",0,"female","23",0,0,0
"1119",1.5,"female","23",0,0,1
"1124",0,"female","23",0,0,0
"1140",8.5146931829632,"female","23",0,0,1
"1107",0,"female","23",0,0,0
"1084",0,"female","23",0,0,0
"1114",0,"female","23",0,0,0
"1132",2.82842712474619,"female","23",0,0,1
"1086",1.80277563773199,"female","23",0,0,1
"1126",3.20156211871642,"female","23",0,0,1
"1133",0,"female","23",0,0,0
"1136",11.2361025271221,"female","23",0,0,1
"1088",2,"female","23",0,0,1
"1142",0,"female","23",0,0,0
"1152",1,"female","23",0,0,1
"1116",1,"female","23",0,0,1
"1067",1.58113883008419,"female","23",0,0,1
"1161",10.5118980208143,"female","23",0,0,1
"1129",59.0762219509677,"female","23",0,0,1
"1122",0,"female","23",0,0,0
"1139",0,"female","23",0,0,0
"1104",0,"female","23",0,0,0
"1076",41.0274298488219,"female","23",0,0,1
"1151",46.8241390737726,"female","23",0,0,1
"1109",160.031246948838,"female","23",0,1,1
"1099",99.4648179006024,"female","23",1,0,1
"1130",0,"female","23",1,0,0
"1160",0,"female","23",1,0,0
"1156",0,"female","23",1,0,0
"1105",0,"female","23",1,0,0
"1135",0,"female","23",1,0,0
"1163",0,"female","23",1,0,0
"1120",0,"female","23",1,0,0
"1146",0,"female","23",1,0,0
"1144",0,"female","23",1,0,0
"1118",0,"female","23",1,0,0
"1123",0,"female","23",1,0,0
"1128",0,"female","23",1,0,0
"1157",0,"female","23",1,0,0
"1153",0,"female","23",1,0,0
"1117",0,"female","23",1,0,0
"1110",0,"female","23",1,0,0
"1150",0,"female","23",1,0,0
"1154",0,"female","23",1,0,0
"1159",0,"female","23",1,0,0
"1138",15.2643375224737,"female","23",1,0,1
"1108",3.90512483795333,"female","23",0,0,1
"1077",1.80277563773199,"female","23",0,0,1
"1143",11.0679718105893,"female","23",0,0,1
"1202",0,"male","27",0,0,0
"1176",0,"male","27",0,0,0
"1267",0,"male","27",0,0,0
"1168",0,"male","27",0,0,0
"1208",1.5,"male","27",0,0,1
"1183",0,"male","27",0,0,0
"1179",8.06225774829855,"male","27",0,0,1
"1246",0,"male","27",0,0,0
"1251",15.0416089564913,"male","27",0,0,1
"1173",0,"male","27",0,0,0
"1167",0,"male","27",0,0,0
"1195",0,"male","27",0,0,0
"1226",0,"male","27",0,0,0
"1170",0,"male","27",0,0,0
"1181",0,"male","27",0,0,0
"1236",0,"male","27",0,0,0
"1241",0,"male","27",0,0,0
"1248",0,"male","27",0,0,0
"1291",0,"male","27",0,0,0
"1177",0,"male","27",0,0,0
"1261",0,"male","27",0,0,0
"1227",0,"male","27",0,0,0
"1271",0,"male","27",0,0,0
"1175",0,"male","27",0,0,0
"1281",9.17877987534291,"male","27",0,0,1
"1194",9.82344135219425,"male","27",0,0,1
"1292",0,"male","27",0,0,0
"1298",12.0830459735946,"male","27",0,0,1
"1302",14.0356688476182,"male","27",0,0,1
"1186",7.56637297521078,"male","27",0,0,1
"1232",0,"male","27",0,0,0
"1317",2.12132034355964,"male","27",0,0,1
"1321",0,"male","27",0,0,0
"1166",22.8527897640529,"male","27",0,0,1
"1255",0,"male","27",0,0,0
"1219",3,"male","27",0,0,1
"1223",0,"male","27",0,0,0
"1188",2.5,"male","27",0,0,1
"1234",4.60977222864644,"male","27",0,0,1
"1185",0,"male","27",0,0,0
"1244",0.707106781186548,"male","27",0,0,1
"1182",5.09901951359278,"male","27",0,0,1
"1253",3,"male","27",0,0,1
"1178",2.82842712474619,"male","27",0,0,1
"1265",2.23606797749979,"male","27",0,0,1
"1269",0,"male","27",0,0,0
"1273",0,"male","27",0,0,0
"1279",1,"male","27",0,0,1
"1172",1,"male","27",0,0,1
"1289",0,"male","27",0,0,0
"1200",10.1980390271856,"male","27",0,0,1
"1299",79.0759128938769,"male","27",0,0,1
"1196",33.4215499341368,"male","27",0,0,1
"1308",11.1803398874989,"male","27",0,1,1
"1311",39.0512483795333,"male","27",0,0,1
"1316",2.23606797749979,"male","27",0,1,1
"1239",5.40832691319598,"male","27",0,1,1
"1324",0,"male","27",0,1,0
"1205",9.7082439194738,"male","27",0,1,1
"1327",0,"male","27",0,1,0
"1336",25.5440795488896,"male","27",0,1,1
"1332",48.8364617882991,"male","27",0,0,1
"1340",149.226338157847,"male","27",0,1,1
"1335",12.747548783982,"male","27",1,0,1
"1343",0,"male","27",1,0,0
"1264",30.5163890393343,"male","27",1,0,1
"1349",14.142135623731,"male","27",0,0,1
"1352",56.7670679179399,"male","27",0,0,1
"1315",0,"male","27",0,0,0
"1318",6.80073525436772,"male","27",0,0,1
"1240",158.600126103355,"male","27",0,0,1
"1351",29.2617497767991,"male","27",0,0,1
"1367",27.608875384557,"male","27",0,0,1
"1330",207.259499179169,"male","27",0,0,1
"1373",85.7394308355263,"male","27",0,0,1
"1374",38.3307970175419,"male","27",0,0,1
"1379",4.47213595499958,"male","27",0,0,1
"1381",2.23606797749979,"male","27",0,0,1
"1385",0,"male","27",0,0,0
"1346",0,"male","27",0,0,0
"1389",2.82842712474619,"male","27",0,0,1
"1392",5,"male","27",0,0,1
"1355",0,"male","27",0,0,0
"1357",248.402898533813,"male","27",0,0,1
"1360",204.941455054852,"male","27",1,0,1
"1284",5.09901951359278,"male","27",0,0,1
"1407",0,"male","27",0,0,0
"1370",173.986350039306,"male","27",0,0,1
"1388",6.67083203206317,"male","27",0,0,1
"1295",20.0249843945008,"male","27",0,0,1
"1380",223.83308513265,"male","27",0,0,1
"1410",10.5118980208143,"male","27",1,0,1
"1386",0,"male","27",1,0,0
"1198",34.6013005535919,"male","27",1,0,1
"1309",8.27647267862342,"male","27",0,0,1
"1187",29.2745623366089,"male","27",0,1,1
"1201",0,"male","27",0,0,0
"1398",2.12132034355964,"male","27",0,0,1
"1365",2.12132034355964,"male","27",0,0,1
"1278",0,"male","27",0,0,0
"1247",2.12132034355964,"male","27",0,0,1
"1371",2.12132034355964,"male","27",0,0,1
"1212",0,"male","27",0,0,0
"1404",0,"male","27",0,0,0
"1339",0,"male","27",0,0,0
"1220",0,"male","27",0,0,0
"1345",0,"male","27",0,0,0
"1403",2.12132034355964,"male","27",0,0,1
"1426",0,"male","27",0,0,0
"1354",2.12132034355964,"male","27",0,0,1
"1276",2.12132034355964,"male","27",0,0,1
"1320",2.12132034355964,"male","27",0,0,1
"1363",2.12132034355964,"male","27",0,0,1
"1203",97.2329676601511,"male","27",0,0,1
"1193",16.2634559672906,"male","27",0,0,1
"1252",0,"male","27",0,0,0
"1337",75.5066222261332,"male","27",0,0,1
"1257",198.156503804442,"male","27",0,0,1
"1192",26.9072480941474,"male","27",0,0,1
"1262",5.70087712549569,"male","27",0,0,1
"1224",9.86154146165801,"male","27",0,0,1
"1228",0,"male","27",0,0,0
"1191",0,"male","27",0,0,0
"1275",9.5524865872714,"male","27",0,0,1
"1197",0,"male","27",0,0,0
"1282",0,"male","27",0,0,0
"1329",61.9879020454798,"male","27",0,0,1
"1207",0,"male","27",0,0,0
"1422",0,"male","27",0,0,0
"1293",0,"male","27",0,0,0
"1213",5.3851648071345,"male","27",0,0,1
"1297",70.3153610529022,"male","27",0,0,1
"1417",4.27200187265877,"male","27",0,0,1
"1405",10.4043260233424,"male","27",0,0,1
"1424",0,"male","27",0,0,0
"1304",0,"male","27",0,0,0
"1306",68.6531135492047,"male","27",0,0,1
"1184",126.385323515035,"male","27",0,0,1
"1350",10.6066017177982,"male","27",0,0,1
"1190",0,"male","27",0,0,0
"1397",0,"male","27",0,0,0
"1418",0,"male","27",0,0,0
"1237",0,"male","27",0,0,0
"1174",8.55862138431185,"male","27",0,0,1
"1323",0,"male","27",0,0,0
"1243",0,"male","27",0,0,0
"1369",0,"male","27",0,0,0
"1221",0,"male","27",0,0,0
"1209",9.01387818865997,"male","27",0,0,1
"1214",0,"male","27",0,0,0
"1215",8.27647267862342,"male","27",0,0,1
"1217",0,"male","27",0,0,0
"1419",0,"male","27",0,0,0
"1342",0,"male","27",0,0,0
"1222",0,"male","27",0,0,0
"1270",0,"male","27",0,0,0
"1230",0,"male","27",0,0,0
"1231",0,"male","27",0,0,0
"1429",0,"male","27",0,0,0
"1458",0,"female","28",1,0,0
"1436",0,"female","28",1,0,0
"1456",0,"female","28",1,0,0
"1438",26.1725046566048,"female","28",1,0,1
"1524",5.8309518948453,"female","28",1,0,1
"1434",0,"female","28",1,0,0
"1545",0,"female","28",1,0,0
"1554",0,"female","28",1,0,0
"1457",4.47213595499958,"female","28",1,0,1
"1531",0,"female","28",1,0,0
"1453",3.20156211871642,"female","28",1,0,1
"1452",0,"female","28",1,0,0
"1484",0,"female","28",1,0,0
"1515",0,"female","28",1,0,0
"1508",0,"female","28",1,0,0
"1487",0,"female","28",1,0,0
"1450",0,"female","28",1,0,0
"1491",0,"female","28",1,0,0
"1460",0,"female","28",1,0,0
"1503",0,"female","28",1,0,0
"1481",0,"female","28",1,0,0
"1468",0,"female","28",1,0,0
"1505",0,"female","28",1,0,0
"1442",0,"female","28",1,0,0
"1528",0,"female","28",1,0,0
"1537",1,"female","28",1,0,1
"1482",0,"female","28",1,0,0
"1492",0,"female","28",1,0,0
"1538",0,"female","28",1,0,0
"1475",0,"female","28",1,0,0
"1451",0,"female","28",1,0,0
"1523",11.6726175299288,"female","28",1,0,1
"1446",6.08276253029822,"female","28",1,0,1
"1464",18.3847763108502,"female","28",1,0,1
"1459",0,"female","28",1,0,0
"1500",0,"female","28",1,0,0
"1533",0,"female","28",1,0,0
"1514",0,"female","28",1,0,0
"1517",0,"female","28",1,0,0
"1555",0,"female","28",1,0,0
"1485",3.16227766016838,"female","28",1,0,1
"1448",0,"female","28",1,0,0
"1499",24.9899979991996,"female","28",1,0,1
"1542",14.3003496460751,"female","28",1,0,1
"1493",7.5,"female","28",0,0,1
"1511",27.1661554144122,"female","28",1,0,1
"1551",18.0623918681884,"female","28",1,0,1
"1454",20.1121853611188,"female","28",1,0,1
"1512",25.831182706179,"female","28",0,0,1
"1518",0,"female","28",0,0,0
"1496",12.5299640861417,"female","28",0,0,1
"1445",19.9123077517399,"female","28",0,0,1
"1509",0,"female","28",0,0,0
"1521",18.580904176062,"female","28",0,0,1
"1433",37.4065502285362,"female","28",0,0,1
"1449",0,"female","28",0,0,0
"1520",0,"female","28",0,0,0
"1483",0,"female","28",0,0,0
"1463",0,"female","28",0,0,0
"1557",0,"female","28",0,0,0
"1465",0,"female","28",0,0,0
"1546",0,"female","28",0,0,0
"1536",0,"female","28",0,0,0
"1476",20.6155281280883,"female","28",0,0,1
"1519",25.831182706179,"female","28",0,0,1
"1470",0,"female","28",1,0,0
"1455",46.0977222864644,"female","28",1,0,1
"1548",6.9462219947249,"female","28",0,0,1
"1478",0,"female","28",1,0,0
"1480",0,"female","28",1,0,0
"1539",7.0178344238091,"female","28",1,0,1
"1527",0,"female","28",1,0,0
"1462",0,"female","28",1,0,0
"1479",12.0933866224478,"female","28",1,0,1
"1540",29.8202951024969,"female","28",0,0,1
"1526",71.0017605415528,"female","28",0,0,1
"1543",0,"female","28",1,0,0
"1507",0,"female","28",1,0,0
"1435",0,"female","28",1,0,0
"1447",67.79564882793,"female","28",1,0,1
"1474",0,"female","28",0,0,0
"1549",131.614968753558,"female","28",0,0,1
"1547",191.366141205805,"female","28",0,0,1
"1486",0,"female","28",1,0,0
"1529",27.7713881539976,"female","28",1,0,1
"1490",0,"female","28",0,0,0
"1550",0,"female","28",0,0,0
"1525",6.51920240520265,"female","28",0,0,1
"1471",0,"female","28",1,0,0
"1461",0,"female","28",1,0,0
"1534",0,"female","28",1,0,0
"1441",22.6550215184184,"female","28",1,0,1
"1444",0,"female","28",1,0,0
"1516",0,"female","28",1,0,0
"1544",0,"female","28",1,0,0
"1443",0,"female","28",1,0,0
"1439",0,"female","28",1,0,0
"1440",0,"female","28",1,0,0
"1502",0,"female","28",1,0,0
"1437",0,"female","28",1,0,0
"1535",0,"female","28",1,0,0
"1498",6.67083203206317,"female","28",1,0,1
"1501",27.7218325512582,"female","28",0,0,1
"1477",0,"female","28",0,0,0
"1467",9.96242942258564,"female","28",0,0,1
"1472",0,"female","28",0,0,0
"1473",0,"female","28",0,0,0
"1532",0,"female","28",0,0,0
"1494",10.3077640640442,"female","28",0,0,1
"1553",54.7014625033006,"female","28",0,0,1
"1552",0,"female","28",0,0,0
"1530",0,"female","28",0,0,0
"1506",0,"female","28",0,0,0
"1556",5.02493781056044,"female","28",0,0,1
"1497",0,"female","28",0,0,0
"1541",85.9142013871979,"female","28",0,0,1
"1504",3.64005494464026,"female","28",1,0,1
"1495",0,"female","28",1,0,0
"1510",0,"female","28",1,0,0
"1513",0,"female","28",1,0,0
"1489",0,"female","28",1,0,0
"1466",0,"female","28",1,0,0
"1522",0,"female","28",1,0,0
"1469",0,"female","28",1,0,0
"1559",1.5,"male","29",0,0,1
"1613",0,"male","29",0,0,0
"1683",0,"male","29",0,0,0
"1621",1.5,"male","29",0,0,1
"1666",0,"male","29",0,0,0
"1578",0,"male","29",0,0,0
"1636",1.5,"male","29",0,0,1
"1670",1.5,"male","29",0,0,1
"1646",28.969811873742,"male","29",0,0,1
"1652",51.6768807108169,"male","29",0,0,1
"1657",0,"male","29",0,1,0
"1592",0,"male","29",0,1,0
"1583",3.5,"male","29",0,1,1
"1615",3.5,"male","29",0,1,1
"1594",2.69258240356725,"male","29",0,1,1
"1601",22.0510770711999,"male","29",0,1,1
"1697",32.1442063208909,"male","29",0,1,1
"1569",6.70820393249937,"male","29",0,0,1
"1586",0,"male","29",0,0,0
"1618",0,"male","29",0,0,0
"1662",0,"male","29",0,0,0
"1669",0,"male","29",0,0,0
"1698",0,"male","29",0,0,0
"1701",0,"male","29",0,0,0
"1682",0,"male","29",0,0,0
"1649",7.90569415042095,"male","29",0,0,1
"1691",7.90569415042095,"male","29",0,0,1
"1658",10.5,"male","29",0,0,1
"1693",0,"male","29",0,0,0
"1630",1.5,"male","29",0,0,1
"1634",0,"male","29",0,0,0
"1679",6.51920240520265,"male","29",0,0,1
"1644",0,"male","29",0,0,0
"1650",0,"male","29",0,0,0
"1654",0,"male","29",0,0,0
"1687",0,"male","29",0,0,0
"1582",0,"male","29",0,0,0
"1667",0,"male","29",0,0,0
"1631",0,"male","29",0,0,0
"1558",4.27200187265877,"male","29",0,0,1
"1561",4.27200187265877,"male","29",0,0,1
"1571",11.1803398874989,"male","29",0,0,1
"1645",6.40312423743285,"male","29",0,0,1
"1607",36.4588809482683,"male","29",0,0,1
"1692",0,"male","29",0,1,0
"1619",13.2003787824441,"male","29",0,1,1
"1681",14.142135623731,"male","29",0,0,1
"1690",103.817146945965,"male","29",1,0,1
"1685",116.052789712268,"male","29",0,0,1
"1588",26.0048072478917,"male","29",0,0,1
"1568",2.5,"male","29",0,0,1
"1572",15.6923548264752,"male","29",0,0,1
"1703",106.109613136605,"male","29",0,0,1
"1599",2.5,"male","29",0,0,1
"1565",8.94427190999916,"male","29",0,0,1
"1673",4.03112887414927,"male","29",0,0,1
"1675",0,"male","29",0,0,0
"1573",0,"male","29",0,0,0
"1562",0,"male","29",0,0,0
"1617",33.0605505096331,"male","29",0,0,1
"1689",100.131163980052,"male","29",0,0,1
"1624",17.8885438199983,"male","29",1,0,1
"1665",0,"male","29",1,0,0
"1671",82.96083413274,"male","29",1,0,1
"1632",202.959355537014,"male","29",1,0,1
"1637",8.48528137423857,"male","29",0,0,1
"1639",0,"male","29",0,0,0
"1680",0,"male","29",0,0,0
"1643",14.8660687473185,"male","29",0,0,1
"1672",75.538069872085,"male","29",0,0,1
"1611",12.8062484748657,"male","29",0,0,1
"1585",5.3851648071345,"male","29",0,0,1
"1696",45.6179789118282,"male","29",0,0,1
"1688",24.2538656712698,"male","29",0,0,1
"1580",123.451407444387,"male","29",0,0,1
"1702",0,"male","29",0,0,0
"1626",0,"male","29",0,0,0
"1575",92.5418824100742,"male","29",0,0,1
"1566",85.1777553120532,"male","29",0,0,1
"1595",139.790021103082,"male","29",0,0,1
"1684",138.471116121739,"male","29",0,0,1
"1598",90.0347155268455,"male","29",0,0,1
"1567",0,"male","29",0,0,0
"1577",81.5245361838999,"male","29",0,0,1
"1610",0,"male","29",0,0,0
"1560",5.85234995535981,"male","29",0,0,1
"1616",49.623583103198,"male","29",0,0,1
"1620",2,"male","29",0,0,1
"1623",48.8697247792537,"male","29",0,0,1
"1694",179.123560706011,"male","29",0,0,1
"1564",38.4219989068763,"male","29",1,0,1
"1604",0,"male","29",0,0,0
"1593",0,"male","29",0,0,0
"1596",13.8293166859393,"male","29",0,0,1
"1576",24.5203996704785,"male","29",0,0,1
"1603",19.9060292373944,"male","29",0,0,1
"1606",7.56637297521078,"male","29",0,0,1
"1608",26.0432332862108,"male","29",0,0,1
"1570",10.770329614269,"male","29",0,0,1
"1614",12.7769323391806,"male","29",0,0,1
"1695",12.747548783982,"male","29",0,0,1
"1660",75.9160720796328,"male","29",0,0,1
"1651",0,"male","29",0,0,0
"1668",66.0018939122204,"male","29",0,0,1
"1628",0,"male","29",0,0,0
"1633",0,"male","29",0,0,0
"1635",0,"male","29",0,0,0
"1638",0,"male","29",0,0,0
"1600",0,"male","29",0,0,0
"1602",37.7524833620253,"male","29",0,0,1
"1609",16.1012421881046,"male","29",0,0,1
"1653",2.12132034355964,"male","29",0,0,1
"1563",12.619429464124,"male","29",0,0,1
"1655",9.48683298050514,"male","29",0,0,1
"1591",6.67083203206317,"male","29",0,0,1
"1661",8.55862138431185,"male","29",0,0,1
"1663",0,"male","29",0,0,0
"1584",7.43303437365925,"male","29",0,0,1
"1587",99.8761733347849,"male","29",0,0,1
"1589",145,"male","29",0,0,1
"1605",28.8487434735033,"male","29",0,0,1
"1674",7.0178344238091,"male","29",0,0,1
"1678",25.8118189982806,"male","29",0,0,1
"1641",30.6471858414439,"male","29",0,0,1
"1642",13.8924439894498,"male","29",0,1,1
"1686",43.9004555785017,"male","29",0,0,1
"1579",30.004166377355,"male","29",0,0,1
"1648",0,"male","29",0,0,0
"1677",10.7935165724615,"male","29",0,0,1
"1612",55.1951084789223,"male","29",0,0,1
"1574",7.15891053163818,"male","29",0,0,1
"1581",0,"male","29",0,1,0
"1700",12.0208152801713,"male","29",0,1,1
"1622",13.8924439894498,"male","29",0,0,1
"1625",0,"male","29",0,1,0
"1627",24.6981780704569,"male","29",0,1,1
"1629",27.7848879788996,"male","29",1,0,1
"1590",37.4065502285362,"male","29",0,1,1
"1659",0,"male","29",0,0,0
"1699",0,"male","29",0,0,0
"1664",0,"male","29",0,0,0
"1597",0,"male","29",0,0,0
"1361",0,"male","27",0,0,0
"1377",0,"male","27",0,0,0
"1414",0,"male","27",0,0,0
"1242",0,"male","27",0,0,0
"1325",0,"male","27",0,0,0
"1245",0,"male","27",0,0,0
"1171",0,"male","27",0,0,0
"1287",0,"male","27",0,0,0
"1249",0,"male","27",0,0,0
"1431",0,"male","27",0,0,0
"1425",0,"male","27",0,0,0
"1375",0,"male","27",0,0,0
"1254",0,"male","27",0,0,0
"1401",0,"male","27",0,0,0
"1256",0,"male","27",0,0,0
"1420",0,"male","27",0,0,0
"1258",18.4390889145858,"male","27",0,0,1
"1432",0,"male","27",0,0,0
"1260",0,"male","27",0,0,0
"1421",0,"male","27",0,0,0
"1263",0,"male","27",0,0,0
"1266",0,"male","27",0,0,0
"1268",0,"male","27",0,0,0
"1189",0,"male","27",0,0,0
"1272",0,"male","27",0,0,0
"1274",0,"male","27",0,0,0
"1358",27.5544914669097,"male","27",0,0,1
"1238",0,"male","27",0,0,0
"1199",0,"male","27",0,0,0
"1391",0,"male","27",0,0,0
"1326",0,"male","27",0,0,0
"1286",0,"male","27",0,0,0
"1288",0,"male","27",0,0,0
"1250",0,"male","27",0,0,0
"1413",0,"male","27",0,0,0
"1296",0,"male","27",0,0,0
"1180",0,"male","27",0,0,0
"1300",0,"male","27",0,0,0
"1423",0,"male","27",0,0,0
"1303",0,"male","27",0,0,0
"1305",0,"male","27",0,0,0
"1307",8.5146931829632,"male","27",0,0,1
"1393",11.1803398874989,"male","27",0,0,1
"1312",0,"male","27",0,0,0
"1210",0,"male","27",0,0,0
"1206",0,"male","27",0,0,0
"1400",49.3963561409139,"male","27",0,0,1
"1399",32.5,"male","27",0,1,1
"1416",23.4360832905159,"male","27",0,0,1
"1322",0,"male","27",0,0,0
"1390",3.16227766016838,"male","27",0,0,1
"1376",9.3407708461347,"male","27",0,0,1
"1378",0,"male","27",0,0,0
"1204",0,"male","27",0,0,0
"1408",0,"male","27",0,0,0
"1259",15.5322245670091,"male","27",0,0,1
"1328",16.6207701385947,"male","27",0,0,1
"1382",0,"male","27",0,0,0
"1384",6,"male","27",0,0,1
"1290",0,"male","27",0,0,0
"1428",11.4017542509914,"male","27",0,0,1
"1334",0,"male","27",0,0,0
"1216",0,"male","27",0,0,0
"1338",24.0416305603426,"male","27",0,0,1
"1387",0.901387818865997,"male","27",0,0,1
"1218",0.901387818865997,"male","27",0,0,1
"1341",30.2200264725232,"male","27",0,0,1
"1344",0,"male","27",0,0,0
"1225",6.80073525436772,"male","27",0,0,1
"1347",153.294650917767,"male","27",0,0,1
"1310",11.1018016555873,"male","27",0,0,1
"1353",11.1018016555873,"male","27",0,0,1
"1348",0,"male","27",0,0,0
"1229",0,"male","27",0,0,0
"1395",0,"male","27",0,0,0
"1394",93.2362590412121,"male","27",0,0,1
"1313",178.000702245806,"male","27",0,0,1
"1430",4.27200187265877,"male","27",0,0,1
"1396",0,"male","27",0,0,0
"1359",37.8582883923719,"male","27",0,0,1
"1233",0,"male","27",1,0,0
"1280",0,"male","27",1,0,0
"1356",26.1772802254168,"male","27",1,0,1
"1319",15.2315462117278,"male","27",0,1,1
"1402",21.4009345590327,"male","27",0,0,1
"1283",2.69258240356725,"male","27",1,0,1
"1427",19.9060292373944,"male","27",1,0,1
"1368",18.0277563773199,"male","27",0,0,1
"1301",91.1660572801084,"male","27",1,0,1
"1331",6.80073525436772,"male","27",0,0,1
"1406",6.80073525436772,"male","27",0,0,1
"1412",49.2468273089749,"male","27",0,0,1
"1409",0,"male","27",0,0,0
"1294",0,"male","27",0,0,0
"1364",9.4339811320566,"male","27",0,0,1
"1362",33.6340601176843,"male","27",0,0,1
"1716",26.5188612123522,"female","35",0,0,1
"1749",0,"female","35",0,0,0
"1709",0,"female","35",0,0,0
"1711",0,"female","35",0,0,0
"1712",0,"female","35",0,0,0
"1756",0,"female","35",0,0,0
"1758",2.23606797749979,"female","35",0,0,1
"1760",2.23606797749979,"female","35",0,0,1
"1720",0,"female","35",0,0,0
"1764",0,"female","35",0,0,0
"1766",0,"female","35",0,0,0
"1768",0,"female","35",0,0,0
"1715",0,"female","35",0,0,0
"1772",0,"female","35",0,0,0
"1774",2.23606797749979,"female","35",0,0,1
"1777",0,"female","35",0,0,0
"1710",11.5433963806152,"female","35",0,1,1
"1706",28.9006920332369,"female","35",0,0,1
"1742",42.2403835209862,"female","35",0,0,1
"1786",0,"female","35",0,0,0
"1721",38.2426463519459,"female","35",0,0,1
"1704",49.6613531833356,"female","35",0,1,1
"1738",0,"female","35",0,1,0
"1713",24.1298570240273,"female","35",0,1,1
"1735",14.9164338901763,"female","35",0,1,1
"1717",16.0312195418814,"female","35",0,0,1
"1732",6.67083203206317,"female","35",0,1,1
"1776",36.1247837363769,"female","35",0,1,1
"1722",35.4189214968497,"female","35",0,0,1
"1736",59.6196276405682,"female","35",0,1,1
"1726",0,"female","35",0,0,0
"1737",0,"female","35",0,0,0
"1739",35.7945526581909,"female","35",0,0,1
"1781",1.58113883008419,"female","35",0,0,1
"1705",0,"female","35",0,0,0
"1729",0,"female","35",0,0,0
"1743",0,"female","35",0,0,0
"1707",0,"female","35",0,0,0
"1746",0,"female","35",0,0,0
"1747",0,"female","35",0,0,0
"1714",4,"female","35",0,0,1
"1708",38.1083980245825,"female","35",0,0,1
"1718",46.7038542306735,"female","35",0,1,1
"1725",76.8195938546931,"female","35",0,1,1
"1741",27.2855272992845,"female","35",0,0,1
"1750",8.13941029804985,"female","35",0,1,1
"1744",3.64005494464026,"female","35",0,1,1
"1719",8.07774721070176,"female","35",0,1,1
"1748",4.24264068711928,"female","35",0,0,1
"1723",35.9026461420325,"female","35",0,1,1
"1752",13,"female","35",0,0,1
"1754",7.61577310586391,"female","35",0,0,1
"1755",47.4236228055175,"female","35",0,0,1
"1751",0,"female","35",0,0,0
"1753",31.0644491340181,"female","35",0,0,1
"1757",11.0679718105893,"female","35",1,0,1
"1728",11.0679718105893,"female","35",0,0,1
"1762",20.591260281974,"female","35",1,0,1
"1761",28.5350661467605,"female","35",1,0,1
"1759",21.2602916254693,"female","35",0,0,1
"1765",8.13941029804985,"female","35",0,1,1
"1734",0,"female","35",0,1,0
"1763",12.0415945787923,"female","35",0,1,1
"1767",37.7259857392753,"female","35",0,0,1
"1770",25.7730479377197,"female","35",0,0,1
"1771",0,"female","35",0,0,0
"1773",4.12310562561766,"female","35",0,0,1
"1775",0,"female","35",0,0,0
"1724",11.5108644332213,"female","35",0,0,1
"1778",0,"female","35",0,0,0
"1780",2.23606797749979,"female","35",0,0,1
"1782",0,"female","35",0,0,0
"1740",0,"female","35",0,0,0
"1783",0,"female","35",0,0,0
"1769",0,"female","35",0,0,0
"1730",0,"female","35",0,0,0
"1784",58.148516748065,"female","35",0,0,1
"1731",0,"female","35",0,1,0
"1745",3.64005494464026,"female","35",0,1,1
"1785",3.64005494464026,"female","35",0,1,1
"1733",0,"female","35",0,1,0
"1787",2.5,"female","35",0,1,1
"1788",11.6619037896906,"female","35",0,1,1
"1789",10.4403065089106,"female","35",0,0,1
"1790",12.5399362039845,"female","35",0,0,1
"1854",0,"female","35",0,1,0
"1791",0,"female","35",0,1,0
"1792",12.5399362039845,"female","35",0,1,1
"1793",26.7301328092473,"female","35",0,0,1
"1855",0,"female","35",0,0,0
"1794",22.9401394939089,"female","35",0,0,1
"1856",6.96419413859206,"female","35",0,1,1
"1857",2.5,"female","35",0,1,1
"1795",2.5,"female","35",0,1,1
"1797",0,"female","35",0,0,0
"1859",8.84590300647707,"female","35",0,0,1
"1861",0,"female","35",0,0,0
"1799",0,"female","35",0,0,0
"1800",0,"female","35",0,0,0
"1863",1.11803398874989,"female","35",0,0,1
"1803",1.11803398874989,"female","35",0,0,1
"1865",0,"female","35",0,0,0
"1805",0,"female","35",0,0,0
"1807",0,"female","35",0,0,0
"1867",0,"female","35",0,0,0
"1869",0,"female","35",0,0,0
"1810",22.0056810846654,"female","35",0,0,1
"1812",36.1005540123694,"female","35",0,0,1
"1814",59.4243216200236,"female","35",0,0,1
"1816",13.6014705087354,"female","35",0,0,1
"1817",20.3531324370476,"female","35",0,0,1
"1819",11.0113577727726,"female","35",0,0,1
"1821",20.5243757517738,"female","35",0,0,1
"1871",0,"female","35",0,0,0
"1833",8.07774721070176,"female","35",0,0,1
"1836",0,"female","35",0,0,0
"1864",0,"female","35",0,0,0
"1840",0,"female","35",0,0,0
"1841",0,"female","35",0,0,0
"1826",0,"female","35",0,0,0
"1879",0,"female","35",0,0,0
"1827",4.27200187265877,"female","35",0,0,1
"1873",11.5,"female","35",0,0,1
"1848",0,"female","35",0,0,0
"1877",0,"female","35",0,0,0
"1866",0,"female","35",0,0,0
"1829",0,"female","35",0,0,0
"1853",0,"female","35",0,0,0
"1831",0,"female","35",0,0,0
"1834",0,"female","35",0,0,0
"1835",0,"female","35",0,0,0
"1888",0,"female","35",0,0,0
"1872",6.10327780786685,"female","35",0,0,1
"1860",8.60232526704263,"female","35",0,0,1
"1849",6.18465843842649,"female","35",0,0,1
"1851",0,"female","35",0,0,0
"1837",6.18465843842649,"female","35",0,0,1
"1875",0,"female","35",0,0,0
"1839",0,"female","35",0,0,0
"1868",0,"female","35",0,0,0
"1830",0,"female","35",0,0,0
"1832",0,"female","35",0,0,0
"1842",0,"female","35",0,0,0
"1874",0,"female","35",0,0,0
"1876",0,"female","35",0,0,0
"1796",0,"female","35",0,0,0
"1852",0,"female","35",0,0,0
"1838",0,"female","35",0,0,0
"1850",0,"female","35",0,0,0
"1847",0,"female","35",0,0,0
"1798",0,"female","35",0,0,0
"1843",0,"female","35",0,0,0
"1846",0,"female","35",0,0,0
"1845",0,"female","35",0,0,0
"1917",20.5060966544099,"male","39",0,0,1
"1940",0,"male","39",0,0,0
"1942",0,"male","39",0,0,0
"1919",0,"male","39",0,0,0
"1922",0,"male","39",0,0,0
"1944",4.74341649025257,"male","39",0,0,1
"1923",61.9213210453395,"male","39",0,0,1
"1900",64.0175757116747,"male","39",0,0,1
"1938",0,"male","39",0,0,0
"1927",0,"male","39",0,0,0
"1948",0,"male","39",0,0,0
"1929",0,"male","39",0,0,0
"1950",0,"male","39",0,0,0
"1930",0,"male","39",0,0,0
"1932",0,"male","39",0,0,0
"1934",87.8208403512515,"male","39",0,0,1
"1936",70.2922470831599,"male","39",0,0,1
"1939",44.1955880150949,"male","39",0,1,1
"1941",20.5243757517738,"male","39",0,0,1
"1943",3.60555127546399,"male","39",0,1,1
"1925",0,"male","39",0,1,0
"1914",0,"male","39",0,1,0
"1896",0,"male","39",0,1,0
"1904",0,"male","39",0,1,0
"1905",0,"male","39",0,1,0
"1908",0,"male","39",0,1,0
"1945",3.64005494464026,"male","39",0,1,1
"1946",3.64005494464026,"male","39",0,1,1
"1924",7.28010988928052,"male","39",0,0,1
"1949",28.6094390018399,"male","39",0,1,1
"1898",18.8215302247187,"male","39",1,0,1
"1913",0,"male","39",1,0,0
"1902",0,"male","39",1,0,0
"1931",0,"male","39",1,0,0
"1910",0,"male","39",1,0,0
"1907",0,"male","39",1,0,0
"1893",0,"male","39",1,0,0
"1899",0,"male","39",1,0,0
"1916",0,"male","39",1,0,0
"1935",0,"male","39",1,0,0
"1937",0,"male","39",1,0,0
"1912",0,"male","39",1,0,0
"1901",0,"male","39",1,0,0
"1903",0,"male","39",1,0,0
"1894",0,"male","39",1,0,0
"1906",2.06155281280883,"male","39",1,0,1
"1897",1.4142135623731,"male","39",1,0,1
"1947",0,"male","39",1,0,0
"1909",0,"male","39",1,0,0
"1911",1.80277563773199,"male","39",1,0,1
"1921",1.80277563773199,"male","39",1,0,1
"1926",0,"male","39",1,0,0
"1915",0,"male","39",1,0,0
"1918",0,"male","39",1,0,0
"1895",0,"male","39",1,0,0
"1928",0,"male","39",1,0,0
"1881",28.0401497856199,"female","35",0,0,1
"1801",2.06155281280883,"female","35",0,0,1
"1884",0,"female","35",0,0,0
"1804",0,"female","35",0,0,0
"1892",0,"female","35",0,0,0
"1806",2.23606797749979,"female","35",0,0,1
"1862",0,"female","35",0,0,0
"1808",0,"female","35",0,0,0
"1809",0,"female","35",0,0,0
"1878",0,"female","35",0,0,0
"1811",0,"female","35",0,0,0
"1813",0,"female","35",0,0,0
"1882",2.23606797749979,"female","35",0,0,1
"1815",2.23606797749979,"female","35",0,0,1
"1889",0,"female","35",0,0,0
"1886",0,"female","35",0,0,0
"1818",0,"female","35",0,0,0
"1883",0,"female","35",0,0,0
"1820",0,"female","35",0,0,0
"1885",2.23606797749979,"female","35",0,0,1
"1822",0,"female","35",0,0,0
"1887",0,"female","35",0,0,0
"1824",0,"female","35",0,0,0
"1825",0,"female","35",0,0,0
"1890",0,"female","35",0,0,0
"1891",0,"female","35",0,0,0
